<keymap version="1" name="Default copy" parent="Default for XWin">
  <action id="Back">
    <keyboard-shortcut first-keystroke="shift alt left" />
  </action>
  <action id="EditorLookupDown" />
  <action id="EditorNextWord" />
  <action id="EditorScrollDown" />
  <action id="Forward">
    <keyboard-shortcut first-keystroke="shift alt right" />
  </action>
  <action id="MethodOverloadSwitchDown" />
  <action id="NextDiff" />
  <action id="NextEditorTab" />
  <action id="PreviousEditorTab" />
  <action id="ReformatCode">
    <keyboard-shortcut first-keystroke="shift alt l" />
  </action>
  <action id="SearchEverywhere.NavigateToNextGroup">
    <keyboard-shortcut first-keystroke="page_down" />
  </action>
  <action id="StepInto">
    <keyboard-shortcut first-keystroke="f7" />
    <keyboard-shortcut first-keystroke="ctrl right" />
  </action>
  <action id="StepOver">
    <keyboard-shortcut first-keystroke="f8" />
    <keyboard-shortcut first-keystroke="ctrl down" />
  </action>
</keymap>