<keymap version="1" name="Hector" parent="Default for KDE">
  <action id="$LRU">
    <keyboard-shortcut first-keystroke="shift alt o" />
  </action>
  <action id="ActivateDebugToolWindow">
    <keyboard-shortcut first-keystroke="alt 5" />
    <keyboard-shortcut first-keystroke="shift alt d" />
  </action>
  <action id="ActivateTerminalToolWindow">
    <keyboard-shortcut first-keystroke="alt f12" />
    <keyboard-shortcut first-keystroke="f1" />
  </action>
  <action id="AddToFavoritesPopup" />
  <action id="Back">
    <mouse-shortcut keystroke="button4" />
    <keyboard-shortcut first-keystroke="shift alt left" />
  </action>
  <action id="ChangesView.Move" />
  <action id="CheckinProject">
    <keyboard-shortcut first-keystroke="ctrl k" />
    <keyboard-shortcut first-keystroke="shift alt c" />
  </action>
  <action id="ChooseDebugConfiguration">
    <keyboard-shortcut first-keystroke="shift alt f10" />
  </action>
  <action id="ChooseRunConfiguration">
    <keyboard-shortcut first-keystroke="shift alt f9" />
  </action>
  <action id="CloseContent">
    <keyboard-shortcut first-keystroke="ctrl 4" />
    <keyboard-shortcut first-keystroke="ctrl subtract" />
    <keyboard-shortcut first-keystroke="ctrl w" />
  </action>
  <action id="CollapseAll">
    <keyboard-shortcut first-keystroke="ctrl minus" />
  </action>
  <action id="CollapseAllRegions">
    <keyboard-shortcut first-keystroke="shift ctrl minus" />
  </action>
  <action id="CollapseExpandableComponent">
    <keyboard-shortcut first-keystroke="shift enter" />
    <keyboard-shortcut first-keystroke="ctrl minus" />
  </action>
  <action id="CollapseRegion">
    <keyboard-shortcut first-keystroke="ctrl minus" />
  </action>
  <action id="ContextHelp" />
  <action id="Debug">
    <keyboard-shortcut first-keystroke="f10" />
  </action>
  <action id="Editor LRU">
    <keyboard-shortcut first-keystroke="shift alt o" />
  </action>
  <action id="EditorLookupDown" />
  <action id="EditorNextWord" />
  <action id="EditorScrollDown" />
  <action id="EditorSelectWord" />
  <action id="EvaluateExpression">
    <keyboard-shortcut first-keystroke="shift alt 8" />
    <keyboard-shortcut first-keystroke="shift alt e" />
  </action>
  <action id="ExpandAllRegions">
    <keyboard-shortcut first-keystroke="shift ctrl equals" />
  </action>
  <action id="ExpressionTypeInfo">
    <keyboard-shortcut first-keystroke="shift alt t" />
  </action>
  <action id="FindUsages">
    <keyboard-shortcut first-keystroke="shift alt 7" />
    <keyboard-shortcut first-keystroke="shift alt u" />
  </action>
  <action id="Forward">
    <mouse-shortcut keystroke="button5" />
    <keyboard-shortcut first-keystroke="shift alt right" />
  </action>
  <action id="Git.Fetch">
    <keyboard-shortcut first-keystroke="shift alt f" />
  </action>
  <action id="GotoDeclaration">
    <mouse-shortcut keystroke="control button1" />
    <keyboard-shortcut first-keystroke="shift alt v" />
  </action>
  <action id="GotoNextBookmark">
    <keyboard-shortcut first-keystroke="ctrl b" />
  </action>
  <action id="GotoTest" />
  <action id="GotoTypeDeclaration">
    <mouse-shortcut keystroke="shift control button1" />
  </action>
  <action id="Images.Editor.ZoomOut">
    <keyboard-shortcut first-keystroke="ctrl minus" />
  </action>
  <action id="Images.ShowThumbnails" />
  <action id="IncreaseColumnWidth">
    <keyboard-shortcut first-keystroke="shift ctrl right" />
  </action>
  <action id="IncrementWindowWidth">
    <keyboard-shortcut first-keystroke="shift ctrl right" />
  </action>
  <action id="IntroduceVariable" />
  <action id="MainMenu">
    <keyboard-shortcut first-keystroke="shift alt context_menu" />
  </action>
  <action id="MethodOverloadSwitchDown" />
  <action id="MoveEditorToOppositeTabGroup">
    <keyboard-shortcut first-keystroke="shift alt m" />
  </action>
  <action id="MoveTabDown">
    <keyboard-shortcut first-keystroke="ctrl alt numpad2" />
    <keyboard-shortcut first-keystroke="shift alt numpad2" />
  </action>
  <action id="MoveTabRight">
    <keyboard-shortcut first-keystroke="ctrl alt numpad6" />
    <keyboard-shortcut first-keystroke="shift alt s" />
    <keyboard-shortcut first-keystroke="shift alt numpad6" />
  </action>
  <action id="NextEditorTab" />
  <action id="NextSplitter">
    <keyboard-shortcut first-keystroke="shift alt add" />
  </action>
  <action id="PrevSplitter">
    <keyboard-shortcut first-keystroke="shift alt subtract" />
  </action>
  <action id="PreviousEditorTab" />
  <action id="RecentChanges" />
  <action id="ReopenClosedTab">
    <keyboard-shortcut first-keystroke="shift ctrl t" />
  </action>
  <action id="RerunTests" />
  <action id="Resume">
    <keyboard-shortcut first-keystroke="shift alt scroll_lock" />
    <keyboard-shortcut first-keystroke="shift alt r" />
  </action>
  <action id="Run">
    <keyboard-shortcut first-keystroke="f9" />
  </action>
  <action id="RunDashboard.ShowConfigurations" />
  <action id="SearchEverywhere.NavigateToNextGroup">
    <keyboard-shortcut first-keystroke="page_down" />
  </action>
  <action id="StepInto">
    <keyboard-shortcut first-keystroke="f7" />
    <keyboard-shortcut first-keystroke="ctrl right" />
  </action>
  <action id="StepOver">
    <keyboard-shortcut first-keystroke="f8" />
    <keyboard-shortcut first-keystroke="ctrl down" />
  </action>
  <action id="Stop">
    <keyboard-shortcut first-keystroke="shift alt f11" />
  </action>
  <action id="TabShiftActions.MoveFocusDown" />
  <action id="TabShiftActions.MoveFocusLeft" />
  <action id="TabShiftActions.MoveFocusRight" />
  <action id="TabShiftActions.MoveFocusUp" />
  <action id="TabShiftActions.ShiftDown" />
  <action id="TabShiftActions.ShiftLeft" />
  <action id="TabShiftActions.ShiftRight" />
  <action id="TabShiftActions.ShiftUp" />
  <action id="TabShiftActions.StretchLeft">
    <keyboard-shortcut first-keystroke="shift ctrl subtract" />
  </action>
  <action id="TabShiftActions.StretchRight">
    <keyboard-shortcut first-keystroke="shift ctrl add" />
  </action>
  <action id="ToggleLineBreakpoint">
    <keyboard-shortcut first-keystroke="ctrl 8" />
    <keyboard-shortcut first-keystroke="shift alt b" />
  </action>
  <action id="UML.ZoomOut">
    <keyboard-shortcut first-keystroke="ctrl minus" />
  </action>
  <action id="Vcs.MoveChangedLinesToChangelist" />
  <action id="Vcs.Push">
    <keyboard-shortcut first-keystroke="shift alt p" />
  </action>
  <action id="hg4idea.QFold" />
  <action id="hg4idea.QPushAction" />
</keymap>